Date,2Y,10Y
31/12/2025,3.71,4.47
30/12/2025,3.74,4.5
29/12/2025,3.72,4.49
24/12/2025,3.74,4.51
23/12/2025,3.74,4.51
22/12/2025,3.75,4.52
19/12/2025,3.75,4.54
18/12/2025,3.74,4.48
17/12/2025,3.72,4.48
16/12/2025,3.76,4.52
15/12/2025,3.76,4.5
12/12/2025,3.75,4.52
11/12/2025,3.78,4.48
10/12/2025,3.79,4.51
09/12/2025,3.79,4.51
08/12/2025,3.81,4.53
05/12/2025,3.8,4.48
04/12/2025,3.73,4.43
03/12/2025,3.75,4.44
02/12/2025,3.74,4.46
01/12/2025,3.76,4.48
28/11/2025,3.74,4.44
27/11/2025,3.76,4.45
26/11/2025,3.74,4.42
25/11/2025,3.77,4.53
24/11/2025,3.78,4.53
21/11/2025,3.78,4.55
20/11/2025,3.8,4.59
19/11/2025,3.82,4.61
18/11/2025,3.81,4.56
17/11/2025,3.8,4.54
14/11/2025,3.85,4.58
13/11/2025,3.77,4.44
12/11/2025,3.74,4.4
11/11/2025,3.73,4.38
10/11/2025,3.81,4.46
07/11/2025,3.8,4.47
06/11/2025,3.79,4.44
05/11/2025,3.81,4.46
04/11/2025,3.79,4.42
03/11/2025,3.8,4.43
31/10/2025,3.77,4.4
30/10/2025,3.8,4.41
29/10/2025,3.77,4.4
28/10/2025,3.77,4.4
27/10/2025,3.78,4.4
24/10/2025,3.8,4.43
23/10/2025,3.79,4.42
22/10/2025,3.78,4.42
21/10/2025,3.85,4.48
20/10/2025,3.85,4.5
17/10/2025,3.88,4.53
16/10/2025,3.86,4.48
15/10/2025,3.89,4.55
14/10/2025,3.91,4.57
13/10/2025,3.95,4.65
10/10/2025,3.96,4.67
09/10/2025,4.02,4.75
08/10/2025,4,4.7
07/10/2025,3.99,4.72
06/10/2025,4,4.74
03/10/2025,3.98,4.7
02/10/2025,4,4.69
01/10/2025,3.97,4.7
30/09/2025,3.99,4.7
29/09/2025,3.99,4.7
26/09/2025,4.03,4.75
25/09/2025,4.02,4.75
24/09/2025,3.96,4.67
23/09/2025,3.96,4.68
22/09/2025,3.99,4.71
19/09/2025,3.98,4.71
18/09/2025,3.97,4.66
17/09/2025,3.97,4.62
16/09/2025,3.97,4.64
15/09/2025,3.95,4.63
12/09/2025,3.99,4.66
11/09/2025,3.94,4.6
10/09/2025,3.94,4.63
09/09/2025,3.92,4.62
08/09/2025,3.9,4.61
05/09/2025,3.92,4.66
04/09/2025,3.95,4.71
03/09/2025,3.96,4.74
02/09/2025,3.99,4.8
01/09/2025,3.97,4.75
29/08/2025,3.95,4.71
28/08/2025,3.95,4.7
27/08/2025,3.97,4.73
26/08/2025,3.97,4.73
22/08/2025,4.19,4.69
21/08/2025,3.95,4.73
20/08/2025,3.97,4.67
19/08/2025,3.92,4.72
18/08/2025,3.98,4.73
15/08/2025,3.97,4.7
14/08/2025,3.94,4.64
13/08/2025,3.91,4.59
12/08/2025,3.87,4.62
11/08/2025,3.89,4.56
08/08/2025,3.87,4.6
07/08/2025,3.91,4.56
06/08/2025,3.88,4.52
05/08/2025,3.83,4.52
04/08/2025,3.83,4.51
01/08/2025,3.8,4.52
31/07/2025,3.8,4.57
30/07/2025,3.87,4.6
29/07/2025,3.88,4.62
28/07/2025,3.9,4.65
25/07/2025,3.92,4.62
24/07/2025,3.89,4.62
23/07/2025,3.87,4.64
22/07/2025,3.9,4.57
21/07/2025,3.85,4.6
18/07/2025,3.86,4.67
17/07/2025,3.91,4.68
16/07/2025,3.91,4.64
15/07/2025,3.87,4.62
14/07/2025,3.84,4.59
11/07/2025,3.82,4.63
10/07/2025,3.88,4.6
09/07/2025,3.87,4.6
08/07/2025,3.88,4.63
07/07/2025,3.88,4.58
04/07/2025,3.87,4.55
03/07/2025,3.85,4.55
02/07/2025,3.83,4.61
01/07/2025,3.88,4.44
30/06/2025,3.83,4.48
27/06/2025,3.81,4.5
26/06/2025,3.84,4.47
25/06/2025,3.82,4.46
24/06/2025,3.85,4.47
23/06/2025,3.86,4.49
20/06/2025,3.88,4.52
19/06/2025,3.91,4.54
18/06/2025,3.9,4.5
17/06/2025,3.89,4.54
16/06/2025,3.93,4.54
13/06/2025,3.9,4.56
12/06/2025,3.94,4.47
11/06/2025,3.86,4.55
10/06/2025,3.9,4.55
09/06/2025,3.91,4.62
06/06/2025,4,4.64
05/06/2025,4.01,4.61
04/06/2025,4.01,4.59
03/06/2025,4,4.64
02/06/2025,4.03,4.66
30/05/2025,4.02,4.64
29/05/2025,4.02,4.65
28/05/2025,3.99,4.72
27/05/2025,4.07,4.67
23/05/2025,4.01,4.68
22/05/2025,3.97,4.75
21/05/2025,4.03,4.75
20/05/2025,4.07,4.7
19/05/2025,4.04,4.65
16/05/2025,4,4.65
15/05/2025,4,4.65
14/05/2025,3.97,4.72
13/05/2025,4.02,4.67
12/05/2025,3.98,4.64
09/05/2025,4,4.57
08/05/2025,3.9,4.55
07/05/2025,3.93,4.46
06/05/2025,3.8,4.51
02/05/2025,3.82,4.5
01/05/2025,3.86,4.48
30/04/2025,3.82,4.44
29/04/2025,3.8,4.48
28/04/2025,3.84,4.51
25/04/2025,3.86,4.48
24/04/2025,3.85,4.5
23/04/2025,3.87,4.56
22/04/2025,3.92,4.54
17/04/2025,3.83,4.57
16/04/2025,3.91,4.61
15/04/2025,3.96,4.65
14/04/2025,3.96,4.66
11/04/2025,4.01,4.75
10/04/2025,4.05,4.65
09/04/2025,3.9,4.79
08/04/2025,3.99,4.61
07/04/2025,3.96,4.62
04/04/2025,3.98,4.45
03/04/2025,3.93,4.52
02/04/2025,4.01,4.64
01/04/2025,4.16,4.63
31/03/2025,4.18,4.68
28/03/2025,4.19,4.7
27/03/2025,4.19,4.79
26/03/2025,4.26,4.73
25/03/2025,4.27,4.76
24/03/2025,4.29,4.72
21/03/2025,4.26,4.71
20/03/2025,4.26,4.65
19/03/2025,4.23,4.63
18/03/2025,4.2,4.65
17/03/2025,4.19,4.64
14/03/2025,4.19,4.67
13/03/2025,4.18,4.68
12/03/2025,4.18,4.72
11/03/2025,4.22,4.68
10/03/2025,4.17,4.65
07/03/2025,4.19,4.65
06/03/2025,4.2,4.67
05/03/2025,4.22,4.67
04/03/2025,4.26,4.53
03/03/2025,4.18,4.56
28/02/2025,4.2,4.48
27/02/2025,4.17,4.51
26/02/2025,4.17,4.5
25/02/2025,4.17,4.51
24/02/2025,4.17,4.56
21/02/2025,4.22,4.57
20/02/2025,4.23,4.61
19/02/2025,4.27,4.61
18/02/2025,4.27,4.56
17/02/2025,4.23,4.53
14/02/2025,4.2,4.5
13/02/2025,4.2,4.49
12/02/2025,4.18,4.54
11/02/2025,4.2,4.51
10/02/2025,4.15,4.46
07/02/2025,4.13,4.48
06/02/2025,4.17,4.48
05/02/2025,4.16,4.44
04/02/2025,4.14,4.52
03/02/2025,4.17,4.49
31/01/2025,4.16,4.53
30/01/2025,4.21,4.56
29/01/2025,4.25,4.61
28/01/2025,4.32,4.61
27/01/2025,4.31,4.59
24/01/2025,4.28,4.63
23/01/2025,4.32,4.64
22/01/2025,4.33,4.63
21/01/2025,4.35,4.59
20/01/2025,4.33,4.66
17/01/2025,4.36,4.66
16/01/2025,4.36,4.68
15/01/2025,4.38,4.73
14/01/2025,4.45,4.88
13/01/2025,4.59,4.89
10/01/2025,4.59,4.84
09/01/2025,4.53,4.81
08/01/2025,4.51,4.8
07/01/2025,4.51,4.68
06/01/2025,4.46,4.61
03/01/2025,4.43,4.59
02/01/2025,4.4,4.59
